{
    "sintel_masked": {
        "ATE": {
            "mean": 0.02905571428571429,
            "std": 0.062419462362572876
        },
        "RPE_trans": {
            "mean": 0.013297142857142856,
            "std": 0.026798516597691273
        },
        "RPE_rot": {
            "mean": 0.05403642857142856,
            "std": 0.06466698435690602
        }
    },
    "sintel": {
        "ATE": {
            "mean": 0.06834428571428572,
            "std": 0.19149148085169612
        },
        "RPE_trans": {
            "mean": 0.03532214285714285,
            "std": 0.08841039032170786
        },
        "RPE_rot": {
            "mean": 0.1503421428571429,
            "std": 0.32682788089623327
        }
    },
    "shibuya": {
        "ATE": {
            "mean": 0.18511571428571427,
            "std": 0.40980255785498676
        },
        "RPE_trans": {
            "mean": 0.03128285714285714,
            "std": 0.0691824867835135
        },
        "RPE_rot": {
            "mean": 0.0778357142857143,
            "std": 0.15734036970458506
        }
    },
    "shibuya_masked": {
        "ATE": {
            "mean": 0.1852557142857143,
            "std": 0.40999032681471
        },
        "RPE_trans": {
            "mean": 0.031231428571428573,
            "std": 0.06920330161995192
        },
        "RPE_rot": {
            "mean": 0.07757857142857143,
            "std": 0.15736511815597795
        }
    }
}